Average Travel Time,Average Signal Waiting Time
5.339031339031339,4.754985754985755
