Edge,Vehicle Throughput,Average Traffic Density
E0,94,0.008140727192107313
-E1,57,0.00540646670327888
-E2,100,0.01407025842843655
-E3,100,0.01633023657613728
